Student First Name,Student Last Name,ID Number,Email,
Gabriel,Herman,40080000,Sed@gravida.net
Nathan,Todd,40090000,lobortis.nisi@enimnon.net
Samson,Carroll,40020000,pede.malesuada.vel@velit.edu
Akeem,Cotton,40010000,luctus.et.ultrices@penatibusetmagnis.ca
Clinton,Maldonado,50070000,Nunc@nunc.com
Brenna,Downs,50020000,Aliquam.fringilla@Nunclectus.net
Jenette,Frye,50030000,eget@leo.co.uk
Elizabeth,Wiggins,60070000,Donec.vitae.erat@orciadipiscingnon.net
Honorato,Mccarty,70070000,Proin.velit@posuereenim.co.uk
Carla,Barlow,90070000,Proin.vel@Proinultrices.ca